Username,Comment
@dhirendrasisodiya5603,тЭдтЭд
@shubhambhutya3227,"рд╡рд╛рдпреБ рдкреНрд░рд╛рдг┬ард▓рд┐рдпреЗ рдЙреЬрддреА рд╣реИ,┬ард╡рд┐рдЬрдп рдХрд╛ рдзреНрд╡рдЬ рд▓реЗрд╣рд░рд╛рдиреЗ┬ардХреЛ,
рд░рдХреНрдд рдЙрдореЬрддрд╛ рдЖрддреБрд░ рд╣реИ,┬ардЫрд╛рддреА рдлрдЯ┬ардмрд╛рд╣рд╛рд░ рдЖрдиреЗ рдХреЛ |
рдзреВрд▓ рдЙреЬреА рдЬрдм┬ардЬрди рд╕реИрд▓рд╛рдм┬ард╕реЗ,рд╕реНрд╡рдпрдВ┬ард╕реВрд░реНрдп рднреА рдЕрд╕реНрдд┬ард╣реБрдпреЗ,
рд░рд╡рд┐рдВрджреНрд░ рд╕рд┐рдВрд╣ рдХреЛ рд╕рдм рдХреЗ рд╕рдм рджреЗрдЦ,рд░рд╛рд╣реБрд▓ рдореЛрджреА┬ардирддреНрдорд╕реНрдд┬ард╣реБрдпреЗ ||"
@kumarnk4361,рднрд╛рдЯреА рдЬреАрддреЗрдЧрд╛
@rameshdewasi4690,рд░рд╡рд┐рдиреНрджреНрд░ рд╕рд┐рдВрд╣ рднрд╛рдЯреА
@Banti.Gurjar56,рдХрд╣рд╛рд╡рдд рд╣реИ рдПрдХ рдЪрдирд╛ рдХреНрдпрд╛ рднрд╛реЬ рдлреЛреЬреЗрдЧрд╛ред рдПрдХ рдирд┐рд░реНрджрд▓реАрдп рдЬреАрдд рднреА рдЬрд╛рдп рдХрд┐рд╕ рдХрд╛рдо рдХрд╛ред рд╡рд┐рдХрд╛рд╕ рдХреЗ рдХрд╛рдо рддреЛ рдореЛрджреА рд╣реА рдХрд░рд╛рдПрдВрдЧреЗред
@niteshtiwari4565,BhatiтЭд
@mahendrajat6128,рдЗрд╕ рд╡реНрдпрдХреНрддрд┐ рдХреЛ рдЗрд╕ рдХреЗ рдЕрд▓рд╛рд╡рд╛ рдФрд░ рдХреЛрдИ рдирд╣реАрдВ рджрд┐рдЦрддрд╛
@gopalsingh6894,Ravindra Bhati тЭдтЭд
@himmatlal225,"рднрд╛рдЯреА рд╕рд╛.рдЕрдЪреНрдЫреЗ рдиреЗрддрд╛ рд╣реИ ,рднрд▓реЗ рд╣реА рдЬреАрдд рдЬрд╛рдП рд▓реЗрдХрд┐рди рдореЛрджреА рдЬреА рдкрд░ рдЕрдЯреИрдХ рдХрд░рдХреЗ  рдмреАрдЬреЗрдкреА рдореЗрдВ рдЬрд╛рдиреЗ рдХрд╛ рджрд░рд╡рд╛рдЬрд╛ рдмрдВрдж рдХрд░рдирд╛ рдЬреИрд╕рд╛ рд╣реИред"
@mohansinghdulawat8818,Ravsa jindabad
@GanpatsinghBhayal-gf5sy,рд╡рд┐рдЬрдп рднрд╡
@prakashsingh1607,Vijay bhav RavsabhatiЁЯОЙЁЯОЙтЭдтЭд
@ChauhanManjeet99,Ravindra Singh Bhati ЁЯФеЁЯдЮЁЯШЗЁЯТктЪФя╕ПтЬитнРЁЯЗоЁЯЗ│ЁЯЪй
@mukeshvaishnav1740,Ravindra Singh Bhati jitenge election ЁЯТп percent
@rameshwarmayla5501,"рдЙрдореНрдореЗрдж рдЬреА рд╕рдЪреНрдЪреЗ рдЖрджрдореА рд╣реИ, V for U"
@madanram2752,тЭдЁЯОЙтЭдЁЯОЙтЭд рд░рд╡рд╕рд╛ рднрд╛рдЯреА рдЬрд┐рдВрджрд╛рдмрд╛рдж рдЬрд┐рдВрджрд╛рдмрд╛рдж
@user-pu1dj3wq8y,"рди рдХреЛрдИ рдзрд░реНрдо , рди рдХреЛрдИ рдЬрд╛рддрд┐ , рд╕рд┐рд░реНрдл рд░рд╡рд┐рдиреНрджреНрд░ рднрд╛рдЯреАЁЯОЙЁЯОЙЁЯОЙ"
@user-pu1dj3wq8y,рдерд╛рд░ рдорд╛рдВрдЧреЗ рд░рд╡рд┐рдВрджреНрд░тЭдтЭдтЭд
@Only_study523,Only Ravi!!!
@npsingh9558,Bhati тЭд
@khetsinghrathore4138,Rawsa рд╡рд┐рдЬрд┐рдд
@vivekkalia2936,"рдЪреМрдзрд░рд┐рдпреЛрдВ рдХреЛ рд╕реЛрдЪрдирд╛ рдЪрд╛рд╣рд┐рдпреЗ рдХрд┐ ""рд╢реНрд╡рд╛рди"" рднреА рддреАрди рдмрд╛рд░ ""рдШреА"" рдирд╣реАрдВ рдкреАрддрд╛ рд╣реИ ред рдЕрдм рдЗрд╕ рдЪреБрдирд╛рд╡реА рдкрд░рд┐рдгрд╛рдо рдореЗрдВ рдХреМрди рдШреА рдкреАрдпреЗрдЧрд╛ , рдпрд╣ рд╕рдордп рдмрддрд╛рдпреЗрдЧрд╛ редЁЯШо"
@user-rm3df4db5g,тЭдтЭдтЭдтЭдтЭдтЭдтЭдтЭдтЭдтЭдтЭдтЭдтЭдтЭдтЭдтЭдтЭдтЭдтЭдтЭд BHATI SARKAR JEETEGE
@topindian7690,Sahi fesa... Jor Lga lo kitna bhi...... Beniwal jeete ga
@topindian7690,Sikar k business kon h hum jante h
@MaheshSingh-xg5dw,рдХрд╛рдВрдЧреНрд░реЗрд╕ рдФрд░ рдмреАрдЬреЗрдкреА рдХрд╛ boycott рдХрд░ рд░рд╣реЗ рд╣реИрдВ рдЖрдЬ рдХреЗ рд▓реЛрдЧред рдХреНрдпреЛрдВрдХрд┐ рдЗрдирдХреЗ рдкрд╛рд╕ рд▓реЛрдЧреЛ рдХреЛ рдЧреБрдорд░рд╛рд╣ рдХрд░рдиреЗ рдХреЗ рдЕрд▓рд╛рд╡рд╛ рдХреЛрдИ vision рдирд╣реАрдВ рд╣реИ ред рднрд╛рдЯреА рд╕рд╛рд╣рдм рд╕реНрдерд╛рдиреАрдп рд▓реЛрдЧреЛрдВ рдХреЗ рд╕реНрдерд╛рдиреАрдп рдореБрджреНрджреЛрдВ рдХреЛ рд╕реБрд▓рдЭрд╛рдирд╛ рд╣реИред рдФрд░ рдЕрдм рдХреА рдмрд╛рд░ рдмрджрд▓рд╛рд╡ рдЬрд░реВрд░ рд╣реЛрдЧрд╛ред рднрд╛рдЯреА рд╕рд╛рд╣рдм рдЬреАрддреЗрдЧрд╛ред
@jagdishsingh8474,Ravindra Singh jindabad
@dharmendrarajput252,Ravindra Singh bhati тЭдтЭдтЭд
@ompalsingh9083,"рдерд╛рд░ рдХреА рдорд╛рдЯреА
рд╡рд╛рд╣ рд░реЗ рднрд╛рдЯреА"
@chaudharymitul3759,Jodhpur ki ЁЯШВЁЯШВ bhed arahi badmer meЁЯШВ gend deneЁЯШВ badmeryo koЁЯШВ
@chaudharymitul3759,Kuch bhiЁЯШВЁЯШВ modi ko dedi takkar. ЁЯдгЁЯдгЁЯдг
@Rameshwar_..29,рднрд╛рдЯреА рдорд░реБрдзрд░рд╛ рдХрд╛ рдЕрдЯрд▓ рдмрд┐рд╣рд╛рд░реА рдмрд╛рдЬрдкреЗрдИ рдЬреА рд╣реИредтЭдЁЯОЙ
@user-lc9on1cz7t,рдЬрдп рд╣реЛ
@user-ym4qk7uo5r,рдмрд┐рдирд╛ рд╕реНрдЯрд╛рд░ рдкреНрд░рдЪрд╛рд░ рдЗрддрдиреА рднреАрдбрд╝ рдХрд╛ рдЖрдирд╛ рдмрдбрд╝реА рдмрд╛рдд рд╣реИ тЬМя╕ПтЬМя╕ПтЬМя╕ПЁЯСНЁЯСНЁЯСН
@naturesms2038,Haare gaa keraye ki bheed hai
@prakashthakur5830,тЭдтЭд
@Vishu_jatt,Harega or esa harega ki kabhi vapis nhi ladegaaЁЯШВЁЯШВЁЯШВЁЯШВ
@user-xy9nz5vz5l,рд░рд╡рд┐рдиреНрджреНрд░ рдЕрдм рдЗрддрдиреЗ рдЖрдЧреЗ рдирд┐рдХрд▓ рдЧрдпреЗ рд╣реИ рдХрд┐ рдмреАрдЬреЗрдкреА рдФрд░ рдХрд╛рдЧреНрд░реЗрд╕ рдЗрд╕ рд░реЗрд╕ рдХреЛ рдирд╣реА рдкрдХрдб рдкрд╛рдРрдЧреЗ |рдПрдХ рдкреНрд░рдХрд╛рд░ рд╕реИ рдЗрд╕рдмрд╛рд░ рдкреВрд░рд╛ рдорд╣реЛрд▓ рд╣реА рдмрджрд▓ рдЧрдпрд╛ рд╣реИ
@virajrajpurohit3043,рдУрдирд▓реА рдлреЙрд░ рд░рд╡рд╕рд╛ тЭдЁЯОЙ
@user-gs4tm3mt1j,Bhati win
@harshberad822,Hamke har jase
@SangSingh-nr5sw,рд░рд╡рд┐рдиреНрджреНрд░ рд╕рд┐рдВрд╣ рднрд╛рдЯреА ЁЯОЙЁЯОЙ
@chaganlaljat6598,рдЕрдмрдХреА рдмрд╛рд░ рд╣рд╛рд░реЗрдЧрд╛
@amritpuri392,рдЖрдкрдХреА рд░рд┐рдкреЛрд░реНрдЯрд┐рдВрдЧ рдХрд╛рдлрд╝реА рдЕрдЪреНрдЫреА рд╣реИ
@drgajendrasinghsisodia9022,"рдореЛрджреА рдЬреА рдХреЛ рдЪреБрдиреМрддреА рдирд╣реАрдВ рдмрд▓реНрдХрд┐ рдмреАрдЬреЗрдкреА рдХреА рдПрдХ рд╕реАрдЯ рдХреЗ рдЬреАрддрдиреЗ рдХреА рдЙрдореНрдореАрдж рдкрд░ рдкрд╛рдиреА рдлреЗрд░ рд░рд╣реЗ рд╣реИрдВред
рдмреАрдЬреЗрдкреА рдХреЗ рд╣реА рд╣реИрдВ рдкрд░ рдпрджрд┐ рдЗрд╕ рдХрд╛рд░рдг рд╡рд┐рдкрдХреНрд╖ рдЬреАрддрддрд╛ рд╣реИ рддреЛ рдЕрдЪреНрдЫреА рдмрд╛рдд рдирд╣реАрдВ рд╣реИредредред"
@tulachharamsaran97,"рдореБрдЦреНрдпрдордВрддреНрд░реА рддрдХ рдХреА рдирд╣реАрдВ рд╕реБрдиреА, рд╢рд┐рд╡ рдореЗрдВ рд╡рд┐рдХрд╛рд╕ рдХрд░рдиреЗ рдХрд╛ рдкреБрд░рд╛ рдореМрдХрд╛ рдерд╛, рд╢рд┐рд╡ рдХреА  рдЬрдирддрд╛ рдХреЗ рд╕рд╛рде рдзреЛрдЦрд╛ рдХрд┐рдпрд╛, рдЕрдм рд╕рд╛рдВрд╕рдж рдХреНрдпрд╛ рдлрд┐рд░ рд╕реЗ рд╢рд┐рд╡ рдореЗрдВ рджреБрдмрд╛рд░рд╛ рдирд╣реАрдВ рдЬреАрддреЗрдВрдЧреЗ,"
@lokendrasinghlokendrasingh1837,Ravindra Singh only
@MahenderSinghbhati-wx8zs,рдЬрд╣рд╛рдВ рд░рд╡рд┐рдиреНрджреНрд░ рд╕рд┐рдВрд╣ рднрд╛рдЯреА рд╡рд╣рд╛рдВ рд╣рдо
@moolsinghbhati281,рднрд╛рдЯреАтЭд
@railwayknowledge2019,рд░рд╡рд┐рдВрджреНрд░ рд╕рд┐рдВрд╣ рдЖрдЬ рдХреЗ рдЯрд╛рдЗрдо рдореЗ рд╕рдмрдХреЗ рджрд┐рд▓реЛ рдкреЗ рд░рд╛рдЬ рдХрд░рддреЗ рд╣реИ
@arbabkhan5029,"рднрд╛рдЗрдпреЛ рднрд╛рдЯреА рдХреА рдЬреАрдд рдкрдХреНрдХреА рд╣реИред
рдореЗ рдЖрдкрдХреЛ рдЖрдЬ рд╣реА рдХрд╣ рд░рд╣рд╛ рд╣реВред
рдХрд╛рдЧреНрд░реЗрд╕ рдпрд╛ рдмреА рдЬреЗ рдкреА рднрд▓реЗ рд╣реА рдХреБрдЫ рднреА рдХрд░ рд▓реЗред 
рдХреНрдпреЛрдХрд┐ рд░рд╡рд┐рдиреНрджреНрд░ рднрд╛рдЯреА рдореЗ рдЬреАрддрдиреЗ рдХреЗ рд╕рднреА рдЧреБрдг рдкрд╛рдП рдЬрд╛рддреЗ рд╣реИредтЭд"
@GulabSingh-ss1uf,Jai ho Bhati ki
@gauravkhandelwal1575,"рдпреЗ рд▓рдкрд░рдЭрдВрдбрд┐рд╕ ""рдЖрдЬ рддрдХ"" рд╡рд╛рд▓реЛ рдХреЛ рдкреИрд╕рд╛ рджреЗрдХрд░ рдЕрдкрдиреА рдЦрдмрд░ рд▓рдЧрд╡рд╛рддрд╛ рд╣реИ рдФрд░ рдЖрдЬ рддрдХ рд╡рд╛рд▓реЗ рднреА рдЗрд╕рдХреЛ рдЪрдиреЗ рдХреЗ рдЭрд╛рдбрд╝ рдкрд░ рдЦреВрдм рдЪрдврд╝рд╛рддреЗ рд╣реИрдВ ред 


рдХреЛрдИ рднреА рдРрд░реЗ рдЧреИрд░реЗ рдХреА рддреБрд▓рдирд╛ рдкреНрд░рдзрд╛рдирдордВрддреНрд░реА рд╕реЗ рдХрд░ рджреЗрддреЗ рд╣реЛ рдХреНрдпрд╛ рднрдИ ред"
@Cricket_lover0006,"рдореЛрджреА рдлрд░реЗрдмреА рд╣реИ
рд░рд╛рд╡рд╕рд╛ тЭдтЭдтЭд"
@user-zm9hp1ps1i,рдЗрддрдиреА рднреАреЬ рднреА рдирд╣реА рдереА рдЯрдХрд▓реЗ ЁЯШВЁЯШВ
@someshwarnathomshanti9465,рднрд╛рдЯреА рдореЗрдВ рдХреЛрдИ рджрдо рдирд╣реАрдВ рд╣реИ рдпреЗ рдмреАрдЬреЗрдкреА рдХрд╛ рдкрд░рджреЗ рдХреЗ рдкреАрдЫреЗ рдЬрдирддрд╛ рдХреЗ рд╕рд╛рде рдЫрд▓ рдХрдкрдЯ рдХрд┐рдпрд╛ рд╣реИ рдХрд┐ рдХреИрд▓рд╛рд╢ рдЪреМрдзрд░реА рд╣рд╛рд░ рдЬрд╛рдпреЗрдВрдЧреЗ рдЗрд╕рд▓рд┐рдП рдмреАрдЬреЗрдкреА рдХрд╛ рд╣реА рджреВрд╕рд░рд╛ рдЙрдореНрдореАрджрд╡рд╛рд░ рднрд╛рдЯреА рдЬреА рдХреЛ рдореИрджрд╛рди рдореЗрдВ рдЙрддрд╛рд░рд╛ рд╣реИ ЁЯШВЁЯШВЁЯШВЁЯШВЁЯШВ
@laxmikantgupta9228,рд░рд╡рд┐рдВрджреНрд░ рд╕рд┐рдВрд╣ рднрд╛рдЯреА рд╣рд┐рдВрджреБрд╕реНрддрд╛рди рдХрд╛ рд╣реА рдирд╣реАрдВ рд╡рд┐рд╢реНрд╡ рдХрд╛ рдорд╣рд╛рдирддрдо рдиреЗрддрд╛ рд╣реИ рд╕реАрдЬрди 3 рдХреЛ рдмреБрд▓рд╛рдпрд╛ рд╣реИ рдФрд░ рд╕рдмрд╕реЗ рдЕрдЪреНрдЫреА рдмрд╛рдд рд╣реИ рдЖрдкрдХреЗ рдЪреИрдирд▓ рдХреА рдкрд░реНрдпрд╛рдкреНрдд рдЖрд░реНрдерд┐рдХ рдорджрдж рднреА рдХрд░ рд░рд╣рд╛ рд╣реИ рдФрд░ рдХреНрдпрд╛ рдЪрд╛рд╣рд┐рдП рдиреЗрддрд╛ рд╣реЛрдиреЗ рдХреЗ рд▓рд┐рдП
@rathorsingh2029,рд░рд╡рд┐рдВрджреНрд░ рд╕рд┐рдВрд╣ рднрд╛рдЯреА 36 рдХреЛрдо рдХрд╛ рдиреЗрддрд╛ рд╣реИрдВ рднрд╛рдЬрдкрд╛ рдХрд╛рдВрдЧреНрд░реЗрд╕ рдореЗ рд╡рд┐рд▓рдп рд╣реЛ рдЧрдпрд╛ рд╣реИ рдХрд╛рдВрдЧреНрд░реЗрд╕ рднрд╛рдЬрдкрд╛ рдореЗрдВ рд╡рд┐рд▓рдп рд╣реЛ рдЧрдпрд╛
@RAVINDERSINGH-eb9pz,Ravinder Bhati hi jitanga
@s.s.bannarajput5504,рддреАрд╕рд░реА рдмрд╛рд░ рдерд╛рд░ рдореЗрдВ рд░рд╡рд┐ рдЙрджрдп рд╣реЛрдЧрд╛ тЬМя╕П
@user-el4db2fw7u,BJP Congress ki aarop Lagaye ki bahar ki Janata yah Bahar ki Janata Nahin Barmer Jaisalmer Balotra ki Janata hai aur Janata ka Prem hai aur Ravindra Singh Bhati ko Jita kar bhejenge Delhi
@KamalSingh-pz3fk,Jai Ho тЭд
@sawaisinghsoda8805,рд░рд╡реАрджрд░ рд╕рд┐рдВрд╣ рднрд╛рдЯреА рдЪреБрдирд╛рд╡ рдЬреАрддреЗрдЧреЗ рдЬрдп рднрд╛рд░рдд рдорд╛рддрд╛ рдХреА тЭд
@RAVINDERSINGH-eb9pz,Badmer may sirf Ravinder bhati
@tulachharamsaran97,Vote for ummedaram
@JaiViloji,Voi for ravi bhati
